"id","name"
1,"Room #0"
2,"Room #1"
3,"Room #2"
4,"Room #3"
5,"Room #4"
6,"Room #5"
7,"Room #6"
8,"Room #7"
9,"Room #8"
10,"Room #9"
11,"Room #10"
12,"Room #11"
13,"Room #12"
14,"Room #13"
15,"Room #14"
16,"Room #15"
17,"Room #16"
18,"Room #17"
19,"Room #18"
20,"Room #19"
21,"Room #20"
22,"Room #21"
23,"Room #22"
24,"Room #23"
25,"Room #24"
26,"Room #25"
27,"Room #26"
28,"Room #27"
29,"Room #28"
30,"Room #29"
31,"Room #30"
32,"Room #31"
33,"Room #32"
34,"Room #33"
35,"Room #34"
36,"Room #35"
37,"Room #36"
38,"Room #37"
39,"Room #38"
40,"Room #39"
41,"Room #40"
42,"Room #41"
43,"Room #42"
44,"Room #43"
45,"Room #44"
46,"Room #45"
47,"Room #46"
48,"Room #47"
49,"Room #48"
50,"Room #49"
51,"Room #50"
52,"Room #51"
53,"Room #52"
54,"Room #53"
55,"Room #54"
56,"Room #55"
57,"Room #56"
58,"Room #57"
59,"Room #58"
60,"Room #59"
61,"Room #60"
62,"Room #61"
63,"Room #62"
64,"Room #63"
65,"Room #64"
66,"Room #65"
67,"Room #66"
68,"Room #67"
69,"Room #68"
70,"Room #69"
71,"Room #70"
72,"Room #71"
73,"Room #72"
74,"Room #73"
75,"Room #74"
76,"Room #75"
77,"Room #76"
78,"Room #77"
79,"Room #78"
80,"Room #79"
81,"Room #80"
82,"Room #81"
83,"Room #82"
84,"Room #83"
85,"Room #84"
86,"Room #85"
87,"Room #86"
88,"Room #87"
89,"Room #88"
90,"Room #89"
91,"Room #90"
92,"Room #91"
93,"Room #92"
94,"Room #93"
95,"Room #94"
96,"Room #95"
97,"Room #96"
98,"Room #97"
99,"Room #98"
100,"Room #99"
101,"Room #100"
102,"Room #101"
103,"Room #102"
104,"Room #103"
105,"Room #104"
106,"Room #105"
107,"Room #106"
108,"Room #107"
109,"Room #108"
110,"Room #109"
111,"Room #110"
112,"Room #111"
113,"Room #112"
114,"Room #113"
115,"Room #114"
116,"Room #115"
117,"Room #116"
118,"Room #117"
119,"Room #118"
120,"Room #119"
121,"Room #120"
122,"Room #121"
123,"Room #122"
124,"Room #123"
125,"Room #124"
126,"Room #125"
127,"Room #126"
128,"Room #127"
129,"Room #128"
130,"Room #129"
131,"Room #130"
132,"Room #131"
133,"Room #132"
134,"Room #133"
135,"Room #134"
136,"Room #135"
137,"Room #136"
138,"Room #137"
139,"Room #138"
140,"Room #139"
141,"Room #140"
142,"Room #141"
143,"Room #142"
144,"Room #143"
145,"Room #144"
146,"Room #145"
147,"Room #146"
148,"Room #147"
149,"Room #148"
150,"Room #149"
151,"Room #150"
152,"Room #151"
153,"Room #152"
154,"Room #153"
155,"Room #154"
156,"Room #155"
157,"Room #156"
158,"Room #157"
159,"Room #158"
160,"Room #159"
161,"Room #160"
162,"Room #161"
163,"Room #162"
164,"Room #163"
165,"Room #164"
166,"Room #165"
167,"Room #166"
168,"Room #167"
169,"Room #168"
170,"Room #169"
171,"Room #170"
172,"Room #171"
173,"Room #172"
174,"Room #173"
175,"Room #174"
176,"Room #175"
177,"Room #176"
178,"Room #177"
179,"Room #178"
180,"Room #179"
181,"Room #180"
182,"Room #181"
183,"Room #182"
184,"Room #183"
185,"Room #184"
186,"Room #185"
187,"Room #186"
188,"Room #187"
189,"Room #188"
190,"Room #189"
191,"Room #190"
192,"Room #191"
193,"Room #192"
194,"Room #193"
195,"Room #194"
196,"Room #195"
197,"Room #196"
198,"Room #197"
199,"Room #198"
200,"Room #199"
201,"Room #200"
202,"Room #201"
203,"Room #202"
204,"Room #203"
205,"Room #204"
206,"Room #205"
207,"Room #206"
208,"Room #207"
209,"Room #208"
210,"Room #209"
211,"Room #210"
212,"Room #211"
213,"Room #212"
214,"Room #213"
215,"Room #214"
216,"Room #215"
217,"Room #216"
218,"Room #217"
219,"Room #218"
220,"Room #219"
221,"Room #220"
222,"Room #221"
223,"Room #222"
224,"Room #223"
225,"Room #224"
226,"Room #225"
227,"Room #226"
228,"Room #227"
229,"Room #228"
230,"Room #229"
231,"Room #230"
232,"Room #231"
233,"Room #232"
234,"Room #233"
235,"Room #234"
236,"Room #235"
237,"Room #236"
238,"Room #237"
239,"Room #238"
240,"Room #239"
241,"Room #240"
242,"Room #241"
243,"Room #242"
244,"Room #243"
245,"Room #244"
246,"Room #245"
247,"Room #246"
248,"Room #247"
249,"Room #248"
250,"Room #249"
251,"Room #250"
252,"Room #251"
253,"Room #252"
254,"Room #253"
255,"Room #254"
256,"Room #255"
257,"Room #256"
258,"Room #257"
259,"Room #258"
260,"Room #259"
261,"Room #260"
262,"Room #261"
263,"Room #262"
264,"Room #263"
265,"Room #264"
266,"Room #265"
267,"Room #266"
268,"Room #267"
269,"Room #268"
270,"Room #269"
271,"Room #270"
272,"Room #271"
273,"Room #272"
274,"Room #273"
275,"Room #274"
276,"Room #275"
277,"Room #276"
278,"Room #277"
279,"Room #278"
280,"Room #279"
281,"Room #280"
282,"Room #281"
283,"Room #282"
284,"Room #283"
285,"Room #284"
286,"Room #285"
287,"Room #286"
288,"Room #287"
289,"Room #288"
290,"Room #289"
291,"Room #290"
292,"Room #291"
293,"Room #292"
294,"Room #293"
295,"Room #294"
296,"Room #295"
297,"Room #296"
298,"Room #297"
299,"Room #298"
300,"Room #299"
301,"Room #300"
302,"Room #301"
303,"Room #302"
304,"Room #303"
305,"Room #304"
306,"Room #305"
307,"Room #306"
308,"Room #307"
309,"Room #308"
310,"Room #309"
311,"Room #310"
312,"Room #311"
313,"Room #312"
314,"Room #313"
315,"Room #314"
316,"Room #315"
317,"Room #316"
318,"Room #317"
319,"Room #318"
320,"Room #319"
321,"Room #320"
322,"Room #321"
323,"Room #322"
324,"Room #323"
325,"Room #324"
326,"Room #325"
327,"Room #326"
328,"Room #327"
329,"Room #328"
330,"Room #329"
331,"Room #330"
332,"Room #331"
333,"Room #332"
334,"Room #333"
335,"Room #334"
336,"Room #335"
337,"Room #336"
338,"Room #337"
339,"Room #338"
340,"Room #339"
341,"Room #340"
342,"Room #341"
343,"Room #342"
344,"Room #343"
345,"Room #344"
346,"Room #345"
347,"Room #346"
348,"Room #347"
349,"Room #348"
350,"Room #349"
351,"Room #350"
352,"Room #351"
353,"Room #352"
354,"Room #353"
355,"Room #354"
356,"Room #355"
357,"Room #356"
358,"Room #357"
359,"Room #358"
360,"Room #359"
361,"Room #360"
362,"Room #361"
363,"Room #362"
364,"Room #363"
365,"Room #364"
366,"Room #365"
367,"Room #366"
368,"Room #367"
369,"Room #368"
370,"Room #369"
371,"Room #370"
372,"Room #371"
373,"Room #372"
374,"Room #373"
375,"Room #374"
376,"Room #375"
377,"Room #376"
378,"Room #377"
379,"Room #378"
380,"Room #379"
381,"Room #380"
382,"Room #381"
383,"Room #382"
384,"Room #383"
385,"Room #384"
386,"Room #385"
387,"Room #386"
388,"Room #387"
389,"Room #388"
390,"Room #389"
391,"Room #390"
392,"Room #391"
393,"Room #392"
394,"Room #393"
395,"Room #394"
396,"Room #395"
397,"Room #396"
398,"Room #397"
399,"Room #398"
400,"Room #399"
401,"Room #400"
402,"Room #401"
403,"Room #402"
404,"Room #403"
405,"Room #404"
406,"Room #405"
407,"Room #406"
408,"Room #407"
409,"Room #408"
410,"Room #409"
411,"Room #410"
412,"Room #411"
413,"Room #412"
414,"Room #413"
415,"Room #414"
416,"Room #415"
417,"Room #416"
418,"Room #417"
419,"Room #418"
420,"Room #419"
421,"Room #420"
422,"Room #421"
423,"Room #422"
424,"Room #423"
425,"Room #424"
426,"Room #425"
427,"Room #426"
428,"Room #427"
429,"Room #428"
430,"Room #429"
431,"Room #430"
432,"Room #431"
433,"Room #432"
434,"Room #433"
435,"Room #434"
436,"Room #435"
437,"Room #436"
438,"Room #437"
439,"Room #438"
440,"Room #439"
441,"Room #440"
442,"Room #441"
443,"Room #442"
444,"Room #443"
445,"Room #444"
446,"Room #445"
447,"Room #446"
448,"Room #447"
449,"Room #448"
450,"Room #449"
451,"Room #450"
452,"Room #451"
453,"Room #452"
454,"Room #453"
455,"Room #454"
456,"Room #455"
457,"Room #456"
458,"Room #457"
459,"Room #458"
460,"Room #459"
461,"Room #460"
462,"Room #461"
463,"Room #462"
464,"Room #463"
465,"Room #464"
466,"Room #465"
467,"Room #466"
468,"Room #467"
469,"Room #468"
470,"Room #469"
471,"Room #470"
472,"Room #471"
473,"Room #472"
474,"Room #473"
475,"Room #474"
476,"Room #475"
477,"Room #476"
478,"Room #477"
479,"Room #478"
480,"Room #479"
481,"Room #480"
482,"Room #481"
483,"Room #482"
484,"Room #483"
485,"Room #484"
486,"Room #485"
487,"Room #486"
488,"Room #487"
489,"Room #488"
490,"Room #489"
491,"Room #490"
492,"Room #491"
493,"Room #492"
494,"Room #493"
495,"Room #494"
496,"Room #495"
497,"Room #496"
498,"Room #497"
499,"Room #498"
500,"Room #499"
501,"Room #500"
502,"Room #501"
503,"Room #502"
504,"Room #503"
505,"Room #504"
506,"Room #505"
507,"Room #506"
508,"Room #507"
509,"Room #508"
510,"Room #509"
511,"Room #510"
512,"Room #511"
513,"Room #512"
514,"Room #513"
515,"Room #514"
516,"Room #515"
517,"Room #516"
518,"Room #517"
519,"Room #518"
520,"Room #519"
521,"Room #520"
522,"Room #521"
523,"Room #522"
524,"Room #523"
525,"Room #524"
526,"Room #525"
527,"Room #526"
528,"Room #527"
529,"Room #528"
530,"Room #529"
531,"Room #530"
532,"Room #531"
533,"Room #532"
534,"Room #533"
535,"Room #534"
536,"Room #535"
537,"Room #536"
538,"Room #537"
539,"Room #538"
540,"Room #539"
541,"Room #540"
542,"Room #541"
543,"Room #542"
544,"Room #543"
545,"Room #544"
546,"Room #545"
547,"Room #546"
548,"Room #547"
549,"Room #548"
550,"Room #549"
551,"Room #550"
552,"Room #551"
553,"Room #552"
554,"Room #553"
555,"Room #554"
556,"Room #555"
557,"Room #556"
558,"Room #557"
559,"Room #558"
560,"Room #559"
561,"Room #560"
562,"Room #561"
563,"Room #562"
564,"Room #563"
565,"Room #564"
566,"Room #565"
567,"Room #566"
568,"Room #567"
569,"Room #568"
570,"Room #569"
571,"Room #570"
572,"Room #571"
573,"Room #572"
574,"Room #573"
575,"Room #574"
576,"Room #575"
577,"Room #576"
578,"Room #577"
579,"Room #578"
580,"Room #579"
581,"Room #580"
582,"Room #581"
583,"Room #582"
584,"Room #583"
585,"Room #584"
586,"Room #585"
587,"Room #586"
588,"Room #587"
589,"Room #588"
590,"Room #589"
591,"Room #590"
592,"Room #591"
593,"Room #592"
594,"Room #593"
595,"Room #594"
596,"Room #595"
597,"Room #596"
598,"Room #597"
599,"Room #598"
600,"Room #599"
601,"Room #600"
602,"Room #601"
603,"Room #602"
604,"Room #603"
605,"Room #604"
606,"Room #605"
607,"Room #606"
608,"Room #607"
609,"Room #608"
610,"Room #609"
611,"Room #610"
612,"Room #611"
613,"Room #612"
614,"Room #613"
615,"Room #614"
616,"Room #615"
617,"Room #616"
618,"Room #617"
619,"Room #618"
620,"Room #619"
621,"Room #620"
622,"Room #621"
623,"Room #622"
624,"Room #623"
625,"Room #624"
626,"Room #625"
627,"Room #626"
628,"Room #627"
629,"Room #628"
630,"Room #629"
631,"Room #630"
632,"Room #631"
633,"Room #632"
634,"Room #633"
635,"Room #634"
636,"Room #635"
637,"Room #636"
638,"Room #637"
639,"Room #638"
640,"Room #639"
641,"Room #640"
642,"Room #641"
643,"Room #642"
644,"Room #643"
645,"Room #644"
646,"Room #645"
647,"Room #646"
648,"Room #647"
649,"Room #648"
650,"Room #649"
651,"Room #650"
652,"Room #651"
653,"Room #652"
654,"Room #653"
655,"Room #654"
656,"Room #655"
657,"Room #656"
658,"Room #657"
659,"Room #658"
660,"Room #659"
661,"Room #660"
662,"Room #661"
663,"Room #662"
664,"Room #663"
665,"Room #664"
666,"Room #665"
667,"Room #666"
668,"Room #667"
669,"Room #668"
670,"Room #669"
671,"Room #670"
672,"Room #671"
673,"Room #672"
674,"Room #673"
675,"Room #674"
676,"Room #675"
677,"Room #676"
678,"Room #677"
679,"Room #678"
680,"Room #679"
681,"Room #680"
682,"Room #681"
683,"Room #682"
684,"Room #683"
685,"Room #684"
686,"Room #685"
687,"Room #686"
688,"Room #687"
689,"Room #688"
690,"Room #689"
691,"Room #690"
692,"Room #691"
693,"Room #692"
694,"Room #693"
695,"Room #694"
696,"Room #695"
697,"Room #696"
698,"Room #697"
699,"Room #698"
700,"Room #699"
701,"Room #700"
702,"Room #701"
703,"Room #702"
704,"Room #703"
705,"Room #704"
706,"Room #705"
707,"Room #706"
708,"Room #707"
709,"Room #708"
710,"Room #709"
711,"Room #710"
712,"Room #711"
713,"Room #712"
714,"Room #713"
715,"Room #714"
716,"Room #715"
717,"Room #716"
718,"Room #717"
719,"Room #718"
720,"Room #719"
721,"Room #720"
722,"Room #721"
723,"Room #722"
724,"Room #723"
725,"Room #724"
726,"Room #725"
727,"Room #726"
728,"Room #727"
729,"Room #728"
730,"Room #729"
731,"Room #730"
732,"Room #731"
733,"Room #732"
734,"Room #733"
735,"Room #734"
736,"Room #735"
737,"Room #736"
738,"Room #737"
739,"Room #738"
740,"Room #739"
741,"Room #740"
742,"Room #741"
743,"Room #742"
744,"Room #743"
745,"Room #744"
746,"Room #745"
747,"Room #746"
748,"Room #747"
749,"Room #748"
750,"Room #749"
751,"Room #750"
752,"Room #751"
753,"Room #752"
754,"Room #753"
755,"Room #754"
756,"Room #755"
757,"Room #756"
758,"Room #757"
759,"Room #758"
760,"Room #759"
761,"Room #760"
762,"Room #761"
763,"Room #762"
764,"Room #763"
765,"Room #764"
766,"Room #765"
767,"Room #766"
768,"Room #767"
769,"Room #768"
770,"Room #769"
771,"Room #770"
772,"Room #771"
773,"Room #772"
774,"Room #773"
775,"Room #774"
776,"Room #775"
777,"Room #776"
778,"Room #777"
779,"Room #778"
780,"Room #779"
781,"Room #780"
782,"Room #781"
783,"Room #782"
784,"Room #783"
785,"Room #784"
786,"Room #785"
787,"Room #786"
788,"Room #787"
789,"Room #788"
790,"Room #789"
791,"Room #790"
792,"Room #791"
793,"Room #792"
794,"Room #793"
795,"Room #794"
796,"Room #795"
797,"Room #796"
798,"Room #797"
799,"Room #798"
800,"Room #799"
801,"Room #800"
802,"Room #801"
803,"Room #802"
804,"Room #803"
805,"Room #804"
806,"Room #805"
807,"Room #806"
808,"Room #807"
809,"Room #808"
810,"Room #809"
811,"Room #810"
812,"Room #811"
813,"Room #812"
814,"Room #813"
815,"Room #814"
816,"Room #815"
817,"Room #816"
818,"Room #817"
819,"Room #818"
820,"Room #819"
821,"Room #820"
822,"Room #821"
823,"Room #822"
824,"Room #823"
825,"Room #824"
826,"Room #825"
827,"Room #826"
828,"Room #827"
829,"Room #828"
830,"Room #829"
831,"Room #830"
832,"Room #831"
833,"Room #832"
834,"Room #833"
835,"Room #834"
836,"Room #835"
837,"Room #836"
838,"Room #837"
839,"Room #838"
840,"Room #839"
841,"Room #840"
842,"Room #841"
843,"Room #842"
844,"Room #843"
845,"Room #844"
846,"Room #845"
847,"Room #846"
848,"Room #847"
849,"Room #848"
850,"Room #849"
851,"Room #850"
852,"Room #851"
853,"Room #852"
854,"Room #853"
855,"Room #854"
856,"Room #855"
857,"Room #856"
858,"Room #857"
859,"Room #858"
860,"Room #859"
861,"Room #860"
862,"Room #861"
863,"Room #862"
864,"Room #863"
865,"Room #864"
866,"Room #865"
867,"Room #866"
868,"Room #867"
869,"Room #868"
870,"Room #869"
871,"Room #870"
872,"Room #871"
873,"Room #872"
874,"Room #873"
875,"Room #874"
876,"Room #875"
877,"Room #876"
878,"Room #877"
879,"Room #878"
880,"Room #879"
881,"Room #880"
882,"Room #881"
883,"Room #882"
884,"Room #883"
885,"Room #884"
886,"Room #885"
887,"Room #886"
888,"Room #887"
889,"Room #888"
890,"Room #889"
891,"Room #890"
892,"Room #891"
893,"Room #892"
894,"Room #893"
895,"Room #894"
896,"Room #895"
897,"Room #896"
898,"Room #897"
899,"Room #898"
900,"Room #899"
901,"Room #900"
902,"Room #901"
903,"Room #902"
904,"Room #903"
905,"Room #904"
906,"Room #905"
907,"Room #906"
908,"Room #907"
909,"Room #908"
910,"Room #909"
911,"Room #910"
912,"Room #911"
913,"Room #912"
914,"Room #913"
915,"Room #914"
916,"Room #915"
917,"Room #916"
918,"Room #917"
919,"Room #918"
920,"Room #919"
921,"Room #920"
922,"Room #921"
923,"Room #922"
924,"Room #923"
925,"Room #924"
926,"Room #925"
927,"Room #926"
928,"Room #927"
929,"Room #928"
930,"Room #929"
931,"Room #930"
932,"Room #931"
933,"Room #932"
934,"Room #933"
935,"Room #934"
936,"Room #935"
937,"Room #936"
938,"Room #937"
939,"Room #938"
940,"Room #939"
941,"Room #940"
942,"Room #941"
943,"Room #942"
944,"Room #943"
945,"Room #944"
946,"Room #945"
947,"Room #946"
948,"Room #947"
949,"Room #948"
950,"Room #949"
951,"Room #950"
952,"Room #951"
953,"Room #952"
954,"Room #953"
955,"Room #954"
956,"Room #955"
957,"Room #956"
958,"Room #957"
959,"Room #958"
960,"Room #959"
961,"Room #960"
962,"Room #961"
963,"Room #962"
964,"Room #963"
965,"Room #964"
966,"Room #965"
967,"Room #966"
968,"Room #967"
969,"Room #968"
970,"Room #969"
971,"Room #970"
972,"Room #971"
973,"Room #972"
974,"Room #973"
975,"Room #974"
976,"Room #975"
977,"Room #976"
978,"Room #977"
979,"Room #978"
980,"Room #979"
981,"Room #980"
982,"Room #981"
983,"Room #982"
984,"Room #983"
985,"Room #984"
986,"Room #985"
987,"Room #986"
988,"Room #987"
989,"Room #988"
990,"Room #989"
991,"Room #990"
992,"Room #991"
993,"Room #992"
994,"Room #993"
995,"Room #994"
996,"Room #995"
997,"Room #996"
998,"Room #997"
999,"Room #998"
1000,"Room #999"
